BER_power,Iteration,Accuracy,Tacc,Precision,Recall,Confidence,Sub-Confidence,Acc_50
1x10^-9,0,0.8114,0.9671,0.8128334631090367,0.8113999999999999,0.8677210211753845,0.7972003221511841,0.7831000089645386
1x10^-9,1,0.8114,0.9671,0.8128334631090367,0.8113999999999999,0.8677210211753845,0.7972003221511841,0.7831000089645386
1x10^-5,0,0.8114,0.9671,0.8128334631090367,0.8113999999999999,0.8677210211753845,0.7972003221511841,0.7831000089645386
1x10^-5,1,0.8114,0.9671,0.8128334631090367,0.8113999999999999,0.8677210211753845,0.7972003221511841,0.7831000089645386
5x10^-5,0,0.5933,0.8492,0.7068129211671448,0.5933,0.6875910758972168,0.5752021074295044,0.5166999697685242
5x10^-5,1,0.4324,0.7417,0.7355985819774736,0.43239999999999995,0.6424053311347961,0.510822057723999,0.3555999994277954
5x10^-4,0,0.0103,0.0543,0.0005720673448808985,0.0103,0.9775973558425903,0.9692510366439819,0.010099999606609344
5x10^-4,1,0.0083,0.0485,0.00025769414157127016,0.0083,0.619917631149292,0.42604824900627136,0.005699999630451202
